idx,m1,m2,m3
T1,0.5071983750994324,3.6259403086670687,4.50734129152227
T2,0.2012530134233848,0.1171850996713679,5.070375297622904
T3,0.119998410499443,0.0984032398111886,8.830901407680493
T4,0.0845157431695913,1.28758787636685,1.2878416276830835
