idx,m1,m2,m3
T1,0.0453726746200401,0.0492380679092199,7.944215454428045
T2,0.0467633239643674,0.0574956366646427,7.565199910846965
T3,2.916841168479712,5.763073124027715,5.802922359491222
T4,5.556887270233082,5.591665614570472,5.591665614570472
