idx,m1,m2,m3
T1,0.0777390516018916,0.0545181224496501,8.67689758937829
T2,0.2110342894353797,0.0459073139146793,9.788482607798793
T3,0.8213543243586944,5.337171669250871,5.433542759014808
T4,5.071230658869274,5.175496939133873,5.185251940989549
