idx,m1,m2,m3
T1,0.1081647825290173,0.0272681809046288,8.157027626050407
T2,0.0236407610718422,0.069441174173254,9.387468050537787
T3,5.916915148095884,5.922410472149367,5.922410472149367
T4,5.307244868640748,5.307244868640748,5.307244868640748
