idx,m1,m2,m3
T1,0.0145824375112339,0.0161663706756371,7.4967941070734385
T2,0.0108077572450165,2.646619082132445,4.512992927758644
T3,1.6112752558331198,4.397254768196445,6.979078276169479
T4,1.3755430993660067,1.4072971065541322,1.4179924631859655
