idx,m1,m2,m3
T1,0.0571389589222999,0.0502691250563961,8.280219302379217
T2,0.0442597895801792,0.0415521256407718,8.292568510694442
T3,0.9064926018584724,0.7652671242860053,0.949577274879778
T4,0.1683049206067156,0.1725141532064646,0.1741718801755333
