idx,m1,m2,m3
T1,0.0621596702797244,0.0268179216589206,8.874363522437978
T2,0.0318801744510413,0.1069607855467078,7.60687442770826
T3,4.325363535681955,5.276703327500716,5.850986332415866
T4,4.718654699086031,4.756427786420761,4.756427786420761
