idx,m1,m2,m3
T1,0.1004307129207524,0.30769107584137,6.477820188147544
T2,0.1329883997811214,0.2714210447497412,9.96739376147387
T3,0.0412896287873664,3.257748551491123,6.591638632640927
T4,4.323801692034814,4.341088670501149,4.341088670501149
