idx,m1,m2,m3
T1,0.0229677004358939,5.346548705794171,5.422925353312469
T2,0.0351446731968081,0.0280639200162721,8.167421273989518
T3,0.1043963130997103,6.431674068829734,7.086905360031409
T4,3.986410083882991,3.9882560294820735,3.9882560294820735
