idx,m1,m2,m3
T1,0.860352888256317,0.1116641817927959,7.253245453288715
T2,0.0217167294463406,0.0336456484305154,1.4327351511983246
T3,0.0744906446733826,0.0622584397195563,1.837142556010502
T4,1.0908892013683988,1.168759844744877,1.1748716416314275
