idx,m1,m2,m3
T1,0.069050041982981,0.1331486702332407,8.86171144742367
T2,0.0252461194034978,0.1432173395963674,6.1406063861620055
T3,0.746203525067146,7.210404489378757,7.813279108063805
T4,0.4300578882197572,0.5070799870050459,0.5114052341725922
