idx,m1,m2,m3
T1,0.0178173332930446,0.0224441801973738,7.982991679909948
T2,0.0186120426691802,0.665833159475598,6.91320518258998
T3,3.51633728671793,4.698984405176043,5.702048105033776
T4,4.730408781047685,4.7412245775920825,4.7412245775920825
