idx,m1,m2,m3
T1,0.0550300619644909,0.0337672486144276,8.30569123072218
T2,0.0513667550538274,0.1949133189738253,8.766814858866013
T3,1.9754788423103256,6.6485904030533645,7.088343004630071
T4,5.159538494951683,5.643744180343603,5.689958483666165
