idx,m1,m2,m3
T1,0.0393027960609464,0.0577026603302859,6.691134029860565
T2,0.0488102354968222,0.0369318932996773,6.788222983469141
T3,1.662215790555919,3.701561838477642,3.789891915052084
T4,3.108330553395576,3.1659331518296905,3.182039815004684
