idx,m1,m2,m3
T1,0.1314620523566484,0.1535819650679613,8.861198894807162
T2,0.1564782746426913,0.0578524124886375,4.710778145017111
T3,0.2249095847895926,2.315188435178716,8.110480012241348
T4,0.8511172247819592,0.8566035418300434,0.8566035418300434
