idx,m1,m2,m3
T1,0.026370091765222,0.0517279223630826,8.702537481088907
T2,0.0131425044108994,0.1055601554496387,5.407150480348458
T3,1.2382682020770968,1.2594682682955427,1.2710590854353272
T4,0.5782266755549208,0.5782266755549208,0.5782266755549208
