idx,m1,m2,m3
T1,0.0056396146133129,0.041337667379652,6.151894226639462
T2,0.0075409848585551,0.3823265969452253,4.209623817814688
T3,1.1046882736336134,1.325262324241755,1.3335808324675476
T4,0.7311875932328544,0.7311875932328544,0.7311875932328544
