idx,m1,m2,m3
T1,0.0780855680650007,0.1929417420964561,9.217090031754264
T2,0.224653572567381,0.0395586655475966,7.164237627671502
T3,0.0696823179695077,2.4293517098896955,2.506829261897919
T4,1.9056790856291008,1.910649230248329,1.910649230248329
