idx,m1,m2,m3
T1,0.1077474343443111,0.0288457860946344,8.295793213818785
T2,0.0158923207683452,0.0538750235779912,3.546075385620225
T3,1.8878638826308591,3.886339871995117,4.462072333163744
T4,2.3937745815488216,3.274452822803388,3.2811644538188687
