idx,m1,m2,m3
T1,0.0340189647,0.0663751791,9.8997342479
T2,0.0203443366,0.118756971,4.9522208825
T3,1.1461531083,0.8206748197,1.526975756
T4,0.3374088034,0.3696388178,0.3720528254
