idx,m1,m2,m3
T1,0.0141431314867801,0.0284968853217653,8.543326185847993
T2,0.0307413238080891,1.991649769232906,8.716193393299072
T3,1.8023222401033017,9.531808615559784,9.62633551738155
T4,2.4498705805029384,2.4498705805029384,2.4498705805029384
