idx,m1,m2,m3
T1,0.0173940749600782,0.0099283838320386,3.879026167515784
T2,0.0424075162592543,0.646167546337843,8.649289777484169
T3,1.1427304121130828,2.834249622670085,4.0170267454181285
T4,1.714407921707058,1.7526046739918777,1.7530236373708774
