idx,m1,m2,m3
T1,0.0287230166792222,0.0227411238588956,6.415142077969446
T2,0.0314267381485281,0.3071966808266363,7.623057858904325
T3,1.435773795445224,4.408306289348565,4.417669549986612
T4,2.1356101546598736,2.212976804019991,2.213350522680373
