idx,m1,m2,m3
T1,0.0378627006503609,0.0344631810700825,6.889081908934485
T2,0.1188975745040116,0.1878650894533617,7.792965876808201
T3,0.56818639160877,5.4895373817902,6.108341870052267
T4,5.290225487659934,5.363416206245845,5.391981490584516
