idx,m1,m2,m3
T1,0.0284229973780761,0.08642810458965,7.95230798000059
T2,0.0544266784858352,0.0144854952249862,4.702661437871466
T3,4.289794791585335,4.915217117473739,5.938501968876966
T4,4.64767252431207,4.664451517892136,4.664451517892136
