idx,m1,m2,m3
T1,0.2063820619177008,0.1162257592053672,7.86950258926923
T2,0.2132945336962474,0.1518628427330458,1.7750655689912682
T3,0.6169793741189822,0.1119949066855783,9.63353802069544
T4,0.2504877853059056,0.8926921050760701,0.8964077169392337
