idx,m1,m2,m3
T1,0.0240370825827293,0.2441631713464749,9.213664067124125
T2,0.0608411527057335,0.0706167835745611,8.843874020959081
T3,2.4688143488089582,7.750660546763201,9.28263476640483
T4,4.416023245649028,4.465365005022019,4.489695584833989
