idx,m1,m2,m3
T1,0.0786643837833308,0.0324295537291402,6.6383450730964775
T2,0.0520169538131039,0.0392399625391013,5.884602672805121
T3,0.3111097872314521,1.2544651803978937,1.262024528272563
T4,0.5240283431343382,0.5212164930252905,0.5261333823500832
