idx,m1,m2,m3
T1,0.0099878121582112,0.007934002905692,2.3427040937709007
T2,0.2519462298393126,0.0196115754238195,3.3040039954637788
T3,0.363296575466934,0.9078097632155416,1.4217686265129006
T4,0.0896934673963698,0.1157068210153316,0.1158148579747961
