id,type,urgency,status,assigned_machine,arrival_time,execution_time,energy_usage,start_time,completion_time,missed_time,deadline,extended_deadline
0,ttes,URGENT,COMPLETED,m2-1,24.06,"{'m2-1': 0.932, 'm3-1': 5.006, 'ff-1': 3.012, 'ff-2': 3.037}",279.6,24.06,24.991999999999997,inf,79.06,79.06
1,ttes,URGENT,COMPLETED,m3-1,37.736,"{'m2-1': 0.938, 'm3-1': 5.243, 'ff-1': 2.995, 'ff-2': 2.789}",52.43000000000001,37.736,42.979,inf,92.73599999999999,92.73599999999999
2,ttes,URGENT,COMPLETED,ff-1,57.905,"{'m2-1': 0.962, 'm3-1': 5.065, 'ff-1': 3.173, 'ff-2': 3.051}",1761.015,57.905,61.078,inf,112.905,112.905
3,ttes,URGENT,COMPLETED,ff-1,81.802,"{'m2-1': 1.029, 'm3-1': 4.648, 'ff-1': 3.127, 'ff-2': 2.799}",1735.485,81.802,84.929,inf,136.80200000000002,136.80200000000002
4,ttes,URGENT,COMPLETED,m2-1,89.594,"{'m2-1': 0.952, 'm3-1': 5.003, 'ff-1': 2.791, 'ff-2': 2.848}",285.59999999999997,89.594,90.54599999999999,inf,144.594,144.594
